RT,TYPE,SERIALNO,puma_id,REGION,ST,HINCP,NP,SYNTHETIC_HID,place_id,longitude,latitude
H,1,955668,102,3,10,190,1,10003010200-1,10003010200,-7.54708235175977E1,3.98039733668297E1
H,1,955668,102,3,10,190,1,10003010200-2,10003010200,-7.54705779190943E1,3.9803902848205E1
H,1,1293114,102,3,10,2400,1,10003010200-3,10003010200,-7.54701697486801E1,3.9803599832786E1
H,1,811935,102,3,10,0,1,10003010200-4,10003010200,-7.5470359500437E1,3.9803743379658E1
H,1,1406099,102,3,10,6200,1,10003010200-5,10003010200,-7.54705051065131E1,3.98045718308877E1
H,1,397144,102,3,10,7500,1,10003010200-6,10003010200,-7.54702876958794E1,3.98040671678285E1
H,1,652298,102,3,10,7500,1,10003010200-7,10003010200,-7.54703899429353E1,3.9804836498308E1
H,1,242929,102,3,10,7900,1,10003010200-8,10003010200,-7.54705785091302E1,3.98052237484195E1
H,1,1487068,102,3,10,7400,1,10003010200-9,10003010200,-7.54704167123298E1,3.98048057657741E1
H,1,1062062,102,3,10,12000,1,10003010200-10,10003010200,-7.54701561960228E1,3.98055086264032E1
H,1,1070195,102,3,10,13190,1,10003010200-11,10003010200,-7.54697422066358E1,3.98055495604295E1
H,1,633903,102,3,10,10800,1,10003010200-12,10003010200,-7.54707641565818E1,3.98052970306623E1
H,1,163004,102,3,10,11400,1,10003010200-13,10003010200,-7.54699898811544E1,3.98055930469115E1
H,1,1072384,102,3,10,12000,1,10003010200-14,10003010200,-7.54689271972455E1,3.98055270011401E1
H,1,908816,102,3,10,11900,1,10003010200-15,10003010200,-7.54686365541744E1,3.98059069959252E1
H,1,1165349,102,3,10,11100,1,10003010200-16,10003010200,-7.54694424611043E1,3.98056176659674E1
H,1,1083685,102,3,10,13900,1,10003010200-17,10003010200,-7.54693155045794E1,3.98052943313428E1
H,1,1086316,102,3,10,11700,1,10003010200-18,10003010200,-7.54695715506823E1,3.98055929929105E1
H,1,971032,102,3,10,13200,1,10003010200-19,10003010200,-7.5467529214463E1,3.98059396870825E1
H,1,1360770,102,3,10,23800,1,10003010200-20,10003010200,-7.54683017513041E1,3.98054385520616E1
H,1,437187,102,3,10,21000,1,10003010200-21,10003010200,-7.54677893348192E1,3.98061253972564E1
H,1,1474676,102,3,10,23000,1,10003010200-22,10003010200,-7.54678567001463E1,3.98057654881751E1
H,1,1453472,102,3,10,24000,1,10003010200-23,10003010200,-7.54675918046696E1,3.98059220568811E1
H,1,527264,102,3,10,21000,1,10003010200-24,10003010200,-7.54678106597096E1,3.98060823768566E1
H,1,303394,102,3,10,15000,1,10003010200-25,10003010200,-7.54669784774718E1,3.98065740302545E1
H,1,925454,102,3,10,19000,1,10003010200-26,10003010200,-7.54673193224426E1,3.98067333592793E1
H,1,258938,102,3,10,18100,1,10003010200-27,10003010200,-7.546705525959E1,3.98068322696576E1
H,1,1414327,102,3,10,21870,1,10003010200-28,10003010200,-7.54670929318358E1,3.9806796103198E1
H,1,1421479,102,3,10,22800,1,10003010200-29,10003010200,-7.54690463323216E1,3.98043685550935E1
H,1,282923,102,3,10,16900,1,10003010200-30,10003010200,-7.54676191372864E1,3.9805081600005E1
H,1,1210935,102,3,10,16800,1,10003010200-31,10003010200,-7.546993698545E1,3.98045068292983E1
H,1,47897,102,3,10,22000,1,10003010200-32,10003010200,-7.54678198432577E1,3.9805119408406E1
H,1,251747,102,3,10,18900,1,10003010200-33,10003010200,-7.54693565367045E1,3.98049614928841E1
H,1,731827,102,3,10,16000,1,10003010200-34,10003010200,-7.54706171539698E1,3.98045376121948E1
H,1,527434,102,3,10,20600,1,10003010200-35,10003010200,-7.5469177714688E1,3.9804387768873E1
H,1,731827,102,3,10,16000,1,10003010200-36,10003010200,-7.54694391963176E1,3.98042587830975E1
H,1,140262,102,3,10,19200,1,10003010200-37,10003010200,-7.54684168970533E1,3.98048794251672E1
H,1,988823,102,3,10,16910,1,10003010200-38,10003010200,-7.54696126734123E1,3.98047511444065E1
H,1,246707,102,3,10,21300,1,10003010200-39,10003010200,-7.54666015885953E1,3.98057312902301E1
H,1,1123689,102,3,10,16700,1,10003010200-40,10003010200,-7.54662595221635E1,3.98055254584206E1
H,1,547296,102,3,10,20980,1,10003010200-41,10003010200,-7.54689359808341E1,3.98049952855028E1
H,1,246707,102,3,10,21300,1,10003010200-42,10003010200,-7.54686422062933E1,3.98044201738965E1
H,1,1063677,102,3,10,15800,1,10003010200-43,10003010200,-7.54676514303027E1,3.980513439187E1
H,1,1052222,102,3,10,22100,1,10003010200-44,10003010200,-7.54691787066846E1,3.98048807086218E1
H,1,115224,102,3,10,23300,1,10003010200-45,10003010200,-7.5470311431825E1,3.98043588376241E1
H,1,572893,102,3,10,19000,1,10003010200-46,10003010200,-7.54689426843517E1,3.98044079194148E1
H,1,1154,102,3,10,24000,1,10003010200-47,10003010200,-7.5469651377992E1,3.98043972331791E1
H,1,1180762,102,3,10,20000,1,10003010200-48,10003010200,-7.54696392824413E1,3.98047915798923E1
H,1,1059853,102,3,10,21200,1,10003010200-49,10003010200,-7.54694710156031E1,3.98047608293537E1
H,1,1059853,102,3,10,21200,1,10003010200-50,10003010200,-7.5471789353404E1,3.98046694820848E1
H,1,388809,102,3,10,19100,1,10003010200-51,10003010200,-7.54732652593773E1,3.98068407277815E1
H,1,483547,102,3,10,20000,1,10003010200-52,10003010200,-7.547098259072E1,3.9804509490149E1
H,1,945922,102,3,10,16200,1,10003010200-53,10003010200,-7.54712294124944E1,3.98047650179093E1
H,1,339200,102,3,10,32000,1,10003010200-54,10003010200,-7.54707184368278E1,3.98043515115791E1
H,1,1038094,102,3,10,34000,1,10003010200-55,10003010200,-7.5472508480463E1,3.98059023329808E1
H,1,1011082,102,3,10,32000,1,10003010200-56,10003010200,-7.54715627630767E1,3.98047170775793E1
H,1,953055,102,3,10,30600,1,10003010200-57,10003010200,-7.54728313942836E1,3.98058450511986E1
H,1,1097243,102,3,10,31250,1,10003010200-58,10003010200,-7.54735909519364E1,3.98066425950743E1
H,1,1183699,102,3,10,30680,1,10003010200-59,10003010200,-7.54719806577512E1,3.9804533712529E1
H,1,1235709,102,3,10,28200,1,10003010200-60,10003010200,-7.54719106333081E1,3.98047255470264E1
H,1,566591,102,3,10,27800,1,10003010200-61,10003010200,-7.54732381416713E1,3.98062238408412E1
H,1,42643,102,3,10,31500,1,10003010200-62,10003010200,-7.54730143610245E1,3.9805000872954E1
H,1,310548,102,3,10,31500,1,10003010200-63,10003010200,-7.54723877579605E1,3.98049867806721E1
H,1,104565,102,3,10,27000,1,10003010200-64,10003010200,-7.54726660001985E1,3.98060069325543E1
H,1,310548,102,3,10,31500,1,10003010200-65,10003010200,-7.5471050848339E1,3.98043538147497E1
H,1,660603,102,3,10,30800,1,10003010200-66,10003010200,-7.54714625689923E1,3.98045230087288E1
H,1,127258,102,3,10,27800,1,10003010200-67,10003010200,-7.54726244879893E1,3.98054675700543E1
H,1,118554,102,3,10,25000,1,10003010200-68,10003010200,-7.54709345125144E1,3.98044958569744E1
H,1,477387,102,3,10,47000,1,10003010200-69,10003010200,-7.54719474201586E1,3.98044077518848E1
H,1,918388,102,3,10,46000,1,10003010200-70,10003010200,-7.54688510806805E1,3.98061568351453E1
H,1,388761,102,3,10,45000,1,10003010200-71,10003010200,-7.54700024529651E1,3.9806859130136E1
H,1,1417046,102,3,10,45000,1,10003010200-72,10003010200,-7.54685597572144E1,3.98057337415934E1
H,1,646494,102,3,10,95000,1,10003010200-73,10003010200,-7.54704806243385E1,3.9806948144872E1
H,1,345252,102,3,10,41020,1,10003010200-74,10003010200,-7.54686812739424E1,3.98061706834212E1
H,1,374820,102,3,10,36000,1,10003010200-75,10003010200,-7.54684916576246E1,3.9806192339375E1
H,1,1281634,102,3,10,40200,1,10003010200-76,10003010200,-7.54694010721555E1,3.9806484258153E1
H,1,559499,102,3,10,49120,1,10003010200-77,10003010200,-7.546819026092E1,3.98056708559555E1
H,1,936745,102,3,10,47000,1,10003010200-78,10003010200,-7.54695418828941E1,3.98062612475145E1
H,1,1364366,102,3,10,45000,1,10003010200-79,10003010200,-7.54694006590556E1,3.98063957632864E1
H,1,1436294,102,3,10,44901,1,10003010200-80,10003010200,-7.5469891411632E1,3.9806692249061E1
H,1,299425,102,3,10,47000,1,10003010200-81,10003010200,-7.5468950397179E1,3.98062375466726E1
H,1,1408775,102,3,10,42000,1,10003010200-82,10003010200,-7.5469842953442E1,3.98069056462242E1
H,1,1208449,102,3,10,42000,1,10003010200-83,10003010200,-7.54706917441792E1,3.98063923016208E1
H,1,639770,102,3,10,37010,1,10003010200-84,10003010200,-7.54709666645774E1,3.98060977552643E1
H,1,1408775,102,3,10,42000,1,10003010200-85,10003010200,-7.54701903871783E1,3.98056085906285E1
H,1,913811,102,3,10,36500,1,10003010200-86,10003010200,-7.54706431227841E1,3.98069377769782E1
H,1,1161050,102,3,10,48000,1,10003010200-87,10003010200,-7.54706990905214E1,3.9806569308076E1
H,1,761155,102,3,10,38000,1,10003010200-88,10003010200,-7.54698411208353E1,3.98057219661098E1
H,1,767496,102,3,10,38300,1,10003010200-89,10003010200,-7.54696762174437E1,3.98054505662442E1
H,1,1269010,102,3,10,45200,1,10003010200-90,10003010200,-7.5469909545803E1,3.98059750726391E1
H,1,1382180,102,3,10,35730,1,10003010200-91,10003010200,-7.54698974338731E1,3.98059016119196E1
H,1,599916,102,3,10,43900,1,10003010200-92,10003010200,-7.54706220003147E1,3.98068638452885E1
H,1,705699,102,3,10,46600,1,10003010200-93,10003010200,-7.5470405976273E1,3.98063148674472E1
H,1,255549,102,3,10,46000,1,10003010200-94,10003010200,-7.54669881835825E1,3.98063570146105E1
H,1,131871,102,3,10,35000,1,10003010200-95,10003010200,-7.54670251620244E1,3.9806173870815E1
H,1,240714,102,3,10,40000,1,10003010200-96,10003010200,-7.54664370001124E1,3.9806061074258E1
H,1,329648,102,3,10,38250,1,10003010200-97,10003010200,-7.54672268387775E1,3.98064997385474E1
H,1,865236,102,3,10,49500,1,10003010200-98,10003010200,-7.54665972734267E1,3.9806248567382E1
H,1,240714,102,3,10,40000,1,10003010200-99,10003010200,-7.5465728522538E1,3.98066881283412E1
H,1,578482,102,3,10,40060,1,10003010200-100,10003010200,-7.54669617743805E1,3.9806983815488E1
H,1,872016,102,3,10,46300,1,10003010200-101,10003010200,-7.54659299191893E1,3.98069465759021E1
H,1,1058086,102,3,10,46800,1,10003010200-102,10003010200,-7.54664983710683E1,3.9807085219543E1
H,1,1056782,102,3,10,44900,1,10003010200-103,10003010200,-7.54663475879788E1,3.98066266014828E1
H,1,1188088,102,3,10,40000,1,10003010200-104,10003010200,-7.54599333449621E1,3.98100937733943E1
H,1,1078567,102,3,10,39000,1,10003010200-105,10003010200,-7.54598563290141E1,3.98102009927163E1
H,1,427252,102,3,10,47000,1,10003010200-106,10003010200,-7.54603769283725E1,3.98095006280621E1
H,1,1035008,102,3,10,45000,1,10003010200-107,10003010200,-7.54599269489032E1,3.98101857304177E1
H,1,514279,102,3,10,41100,1,10003010200-108,10003010200,-7.54606329553175E1,3.98094980674788E1
H,1,1042884,102,3,10,43800,1,10003010200-109,10003010200,-7.54611615089645E1,3.98091889535207E1
H,1,298450,102,3,10,47200,1,10003010200-110,10003010200,-7.54605967996314E1,3.98093472146963E1
H,1,520717,102,3,10,75000,1,10003010200-111,10003010200,-7.54608406430684E1,3.98096899485441E1
H,1,596964,102,3,10,50000,1,10003010200-112,10003010200,-7.54607305923967E1,3.9809180659078E1
H,1,1091369,102,3,10,60000,1,10003010200-113,10003010200,-7.5461745360732E1,3.98087195417952E1
H,1,1205688,102,3,10,60000,1,10003010200-114,10003010200,-7.54618155623711E1,3.98088236415117E1
H,1,312420,102,3,10,70000,1,10003010200-115,10003010200,-7.54612513189953E1,3.98091252920143E1
H,1,811577,102,3,10,83000,2,10003010200-116,10003010200,-7.54614382131117E1,3.98088283430518E1
H,1,192839,102,3,10,74000,1,10003010200-117,10003010200,-7.5462232686757E1,3.9808159559805E1
H,1,646494,102,3,10,95000,1,10003010200-118,10003010200,-7.54620265895604E1,3.98081863762643E1
H,1,1214364,102,3,10,50000,1,10003010200-119,10003010200,-7.5462366648674E1,3.9808118494501E1
H,1,1244092,102,3,10,54000,1,10003010200-120,10003010200,-7.54625623838778E1,3.98083437084218E1
H,1,715984,102,3,10,60000,1,10003010200-121,10003010200,-7.54628209941584E1,3.9807709207884E1
H,1,10975,102,3,10,64700,1,10003010200-122,10003010200,-7.54629530124921E1,3.9807749253812E1
H,1,108023,102,3,10,96000,1,10003010200-123,10003010200,-7.54621693579746E1,3.98076085945957E1
H,1,20801,102,3,10,80010,1,10003010200-124,10003010200,-7.54627824028292E1,3.9807496754104E1
H,1,542766,102,3,10,85000,1,10003010200-125,10003010200,-7.54635646035907E1,3.9806830679122E1
H,1,1420116,102,3,10,70200,1,10003010200-126,10003010200,-7.54635233513057E1,3.98067031324517E1
H,1,848188,102,3,10,55000,1,10003010200-127,10003010200,-7.54634390856123E1,3.98068485530966E1
H,1,704401,102,3,10,75000,1,10003010200-128,10003010200,-7.5463564242341E1,3.98069196291431E1
H,1,307629,102,3,10,76000,1,10003010200-129,10003010200,-7.54644057701681E1,3.98063053102683E1
H,1,1053129,102,3,10,56800,1,10003010200-130,10003010200,-7.54639545598854E1,3.98063990956436E1
H,1,484094,102,3,10,50050,1,10003010200-131,10003010200,-7.5464093077763E1,3.98063592749703E1
H,1,307629,102,3,10,76000,1,10003010200-132,10003010200,-7.54640519944705E1,3.98059420530987E1
H,1,704401,102,3,10,75000,1,10003010200-133,10003010200,-7.54642312770943E1,3.98059519565541E1
H,1,1128037,102,3,10,58000,1,10003010200-134,10003010200,-7.54644808787684E1,3.98052990638214E1
H,1,1434530,102,3,10,90000,1,10003010200-135,10003010200,-7.54646967048811E1,3.98050999531123E1
H,1,96828,102,3,10,90000,1,10003010200-136,10003010200,-7.5464807678055E1,3.98058126417452E1
H,1,1345301,102,3,10,65000,1,10003010200-137,10003010200,-7.54653533364463E1,3.98050426146423E1
H,1,1271594,102,3,10,60000,1,10003010200-138,10003010200,-7.54654838818634E1,3.98050036255765E1
H,1,708669,102,3,10,53900,1,10003010200-139,10003010200,-7.54649841583673E1,3.98052536518776E1
H,1,964157,102,3,10,52000,1,10003010200-140,10003010200,-7.54650804722263E1,3.98051038421934E1
H,1,69439,102,3,10,55000,1,10003010200-141,10003010200,-7.54657695328948E1,3.980485378735E1
H,1,976945,102,3,10,54000,1,10003010200-142,10003010200,-7.54660151723304E1,3.98045872721204E1
H,1,964157,102,3,10,52000,1,10003010200-143,10003010200,-7.5466356117989E1,3.98045371279045E1
H,1,1289605,102,3,10,99000,1,10003010200-144,10003010200,-7.54663435805497E1,3.98040219002481E1
H,1,27074,102,3,10,57000,1,10003010200-145,10003010200,-7.5466623045306E1,3.98041534180988E1
H,1,27074,102,3,10,57000,1,10003010200-146,10003010200,-7.54667352604926E1,3.9804205595142E1
H,1,978949,102,3,10,52200,1,10003010200-147,10003010200,-7.54673075692374E1,3.9804415972914E1
H,1,1043926,102,3,10,62400,1,10003010200-148,10003010200,-7.5467041106678E1,3.98038192864272E1
H,1,1186075,102,3,10,51600,1,10003010200-149,10003010200,-7.5467448593826E1,3.98041742416773E1
H,1,1321934,102,3,10,61800,1,10003010200-150,10003010200,-7.54678208011292E1,3.98043147849377E1
H,1,1437712,102,3,10,64000,1,10003010200-151,10003010200,-7.54677592380957E1,3.9803995581611E1
H,1,120759,102,3,10,89500,1,10003010200-152,10003010200,-7.54680164348964E1,3.98037722813456E1
H,1,975302,102,3,10,63000,1,10003010200-153,10003010200,-7.54681432613133E1,3.9803424149107E1
H,1,29108,102,3,10,50200,1,10003010200-154,10003010200,-7.5468430744402E1,3.98036491652841E1
H,1,1457666,102,3,10,72500,1,10003010200-155,10003010200,-7.54683900545471E1,3.98035413998847E1
H,1,1214985,102,3,10,72000,1,10003010200-156,10003010200,-7.54693409264425E1,3.98034413247193E1
H,1,1358455,102,3,10,51920,1,10003010200-157,10003010200,-7.5468683692029E1,3.98036911350196E1
H,1,98447,102,3,10,50000,1,10003010200-158,10003010200,-7.54689232726945E1,3.98038058669944E1
H,1,418231,102,3,10,55000,1,10003010200-159,10003010200,-7.54689477667993E1,3.98039158909824E1
H,1,418231,102,3,10,55000,1,10003010200-160,10003010200,-7.54694644387747E1,3.98035281121264E1
H,1,57669,102,3,10,55000,1,10003010200-161,10003010200,-7.54699463534678E1,3.98038510592103E1
H,1,12249,102,3,10,57000,1,10003010200-162,10003010200,-7.54697518838791E1,3.98034539827385E1
H,1,1043578,102,3,10,75000,1,10003010200-163,10003010200,-7.54701262321785E1,3.98037906145322E1
H,1,369362,102,3,10,85600,1,10003010200-164,10003010200,-7.54704562915841E1,3.98033325592804E1
H,1,369362,102,3,10,85600,1,10003010200-165,10003010200,-7.54702052689142E1,3.98035383189631E1
H,1,369362,102,3,10,85600,1,10003010200-166,10003010200,-7.54688788925178E1,3.98038311723893E1
H,1,1405232,102,3,10,55000,1,10003010200-167,10003010200,-7.54628233938456E1,3.9808136803885E1
H,1,363274,102,3,10,50000,1,10003010200-168,10003010200,-7.546528074848E1,3.9805333849411E1
H,1,894313,102,3,10,80000,1,10003010200-169,10003010200,-7.5462187910251E1,3.98082486156212E1
H,1,949678,102,3,10,81000,1,10003010200-170,10003010200,-7.54646774106574E1,3.98063733913168E1
H,1,553948,102,3,10,63400,1,10003010200-171,10003010200,-7.54704248290133E1,3.98041007821844E1
H,1,2171,102,3,10,85000,1,10003010200-172,10003010200,-7.546611079876E1,3.98045204204313E1
H,1,814570,102,3,10,62000,1,10003010200-173,10003010200,-7.54656447141414E1,3.98051061706843E1
H,1,261954,102,3,10,60000,1,10003010200-174,10003010200,-7.5465042799297E1,3.980525101807E1
H,1,954333,102,3,10,103160,1,10003010200-175,10003010200,-7.54653522589873E1,3.9805991386068E1
H,1,830154,102,3,10,160000,1,10003010200-176,10003010200,-7.54602234141227E1,3.98104758589246E1
H,1,904791,102,3,10,135000,1,10003010200-177,10003010200,-7.54598230897551E1,3.98100793000527E1
H,1,942227,102,3,10,178000,1,10003010200-178,10003010200,-7.54622907940831E1,3.98083508073054E1
H,1,854421,102,3,10,105000,1,10003010200-179,10003010200,-7.54693576408574E1,3.98038582538483E1
H,1,854421,102,3,10,105000,1,10003010200-180,10003010200,-7.54615763172798E1,3.98093229566668E1
H,1,1377008,102,3,10,112400,1,10003010200-181,10003010200,-7.54655262372173E1,3.98052191309443E1
H,1,735978,102,3,10,181500,1,10003010200-182,10003010200,-7.54642249431398E1,3.98065812386975E1
H,1,1115886,102,3,10,227300,1,10003010200-183,10003010200,-7.54612461461963E1,3.98088171678066E1
H,1,387333,102,3,10,386000,1,10003010200-184,10003010200,-7.54665609177114E1,3.98043543836832E1
H,1,132639,102,3,10,15200,2,10003010200-185,10003010200,-7.54631682832584E1,3.98080072970197E1
H,1,1162096,102,3,10,18900,2,10003010200-186,10003010200,-7.5465112166687E1,3.9805935057392E1
H,1,1483360,102,3,10,22000,2,10003010200-187,10003010200,-7.54681309321454E1,3.98040573539286E1
H,1,973080,102,3,10,24200,2,10003010200-188,10003010200,-7.54618711406985E1,3.98086069461856E1
H,1,196376,102,3,10,18800,2,10003010200-189,10003010200,-7.54637500896606E1,3.98072122644326E1
H,1,196376,102,3,10,18800,2,10003010200-190,10003010200,-7.54599234062658E1,3.98101636968145E1
H,1,578499,102,3,10,24800,2,10003010200-191,10003010200,-7.54650444088305E1,3.98058278584707E1
H,1,142249,102,3,10,22800,2,10003010200-192,10003010200,-7.54703523904481E1,3.98035929556017E1
H,1,1388799,102,3,10,23000,2,10003010200-193,10003010200,-7.54648174463608E1,3.98055812652076E1
H,1,1006669,102,3,10,23960,2,10003010200-194,10003010200,-7.54669910945452E1,3.98043071272842E1
H,1,1148065,102,3,10,16900,2,10003010200-195,10003010200,-7.5463575657788E1,3.98073390955401E1
H,1,579194,102,3,10,23300,2,10003010200-196,10003010200,-7.5467819432056E1,3.98040119304865E1
H,1,1270825,102,3,10,34400,2,10003010200-197,10003010200,-7.5469017336863E1,3.98036946733946E1
H,1,943193,102,3,10,30000,2,10003010200-198,10003010200,-7.54620060541445E1,3.98087899759908E1
H,1,1239278,102,3,10,30000,2,10003010200-199,10003010200,-7.5468972291723E1,3.98038114730948E1
H,1,1473093,102,3,10,33000,2,10003010200-200,10003010200,-7.54662825179435E1,3.98047434989636E1
H,1,65339,102,3,10,34900,2,10003010200-201,10003010200,-7.54620868071062E1,3.98084424179014E1
H,1,65339,102,3,10,34900,2,10003010200-202,10003010200,-7.54609546494755E1,3.9809518067297E1
H,1,5851,102,3,10,28400,2,10003010200-203,10003010200,-7.54640726819007E1,3.9806382710335E1
H,1,250917,102,3,10,33500,2,10003010200-204,10003010200,-7.54638457814755E1,3.98062786528458E1
H,1,947747,102,3,10,29800,2,10003010200-205,10003010200,-7.5464481277187E1,3.9806346187461E1
H,1,1114476,102,3,10,27900,2,10003010200-206,10003010200,-7.5464605523839E1,3.98062044621181E1
H,1,549897,102,3,10,35000,2,10003010200-207,10003010200,-7.54634733222496E1,3.9807049391744E1
H,1,1260997,102,3,10,49100,2,10003010200-208,10003010200,-7.546740013296E1,3.98040757496868E1
H,1,826184,102,3,10,42000,2,10003010200-209,10003010200,-7.54601625058666E1,3.98104977393004E1
H,1,869724,102,3,10,35000,2,10003010200-210,10003010200,-7.54655769205798E1,3.98054319439022E1
H,1,1452527,102,3,10,44000,2,10003010200-211,10003010200,-7.54622022531925E1,3.98084734016675E1
H,1,1356285,102,3,10,49000,2,10003010200-212,10003010200,-7.5462399416174E1,3.9808288989337E1
H,1,1113347,102,3,10,42100,2,10003010200-213,10003010200,-7.54630631718745E1,3.98081282170565E1
H,1,722557,102,3,10,40000,2,10003010200-214,10003010200,-7.54657956152901E1,3.98050264084114E1
H,1,312301,102,3,10,35000,2,10003010200-215,10003010200,-7.54664654028165E1,3.98044667576562E1
H,1,647839,102,3,10,45200,2,10003010200-216,10003010200,-7.5461752140798E1,3.98088809986261E1
H,1,8111,102,3,10,43500,2,10003010200-217,10003010200,-7.54606124217434E1,3.9809694354619E1
H,1,1115113,102,3,10,43150,2,10003010200-218,10003010200,-7.54703497228205E1,3.9803741902717E1
H,1,240908,102,3,10,41500,2,10003010200-219,10003010200,-7.54645296123071E1,3.98058169381478E1
H,1,297543,102,3,10,45040,2,10003010200-220,10003010200,-7.54662187141103E1,3.98048758211413E1
H,1,251563,102,3,10,47000,2,10003010200-221,10003010200,-7.54644112007325E1,3.98068377185844E1
H,1,634673,102,3,10,48000,2,10003010200-222,10003010200,-7.54627939869991E1,3.9808372493672E1
H,1,1306819,102,3,10,43500,2,10003010200-223,10003010200,-7.54681180191281E1,3.98041009920426E1
H,1,708340,102,3,10,37500,2,10003010200-224,10003010200,-7.54679998482243E1,3.98039791823003E1
H,1,318814,102,3,10,43500,2,10003010200-225,10003010200,-7.54650336275775E1,3.98053444828518E1
H,1,318814,102,3,10,43500,2,10003010200-226,10003010200,-7.5460495598236E1,3.98102037661185E1
H,1,1401555,102,3,10,41880,2,10003010200-227,10003010200,-7.54681973613976E1,3.98038761715675E1
H,1,356655,102,3,10,42100,2,10003010200-228,10003010200,-7.54611785439467E1,3.98096565295657E1
H,1,568638,102,3,10,41200,2,10003010200-229,10003010200,-7.54714875401316E1,3.9806348236635E1
H,1,283537,102,3,10,40200,2,10003010200-230,10003010200,-7.54714294480111E1,3.98061176207297E1
H,1,157751,102,3,10,37900,2,10003010200-231,10003010200,-7.54703036565733E1,3.98052501468908E1
H,1,638073,102,3,10,47200,2,10003010200-232,10003010200,-7.5471010600789E1,3.98080393101168E1
H,1,81669,102,3,10,35100,2,10003010200-233,10003010200,-7.5471076253534E1,3.98054444450873E1
H,1,890594,102,3,10,49100,2,10003010200-234,10003010200,-7.54716082842346E1,3.98059819197025E1
H,1,151345,102,3,10,42800,2,10003010200-235,10003010200,-7.54708571782087E1,3.9805594820375E1
H,1,157751,102,3,10,37900,2,10003010200-236,10003010200,-7.54714407056271E1,3.98071963865121E1
H,1,393616,102,3,10,49000,2,10003010200-237,10003010200,-7.5471893396186E1,3.9806819996182E1
H,1,1414481,102,3,10,47000,2,10003010200-238,10003010200,-7.54720084466217E1,3.9806232970942E1
H,1,890594,102,3,10,49100,2,10003010200-239,10003010200,-7.54712880679455E1,3.98055009860414E1
H,1,393616,102,3,10,49000,2,10003010200-240,10003010200,-7.54704549857832E1,3.98054102054107E1
H,1,1380821,102,3,10,40360,2,10003010200-241,10003010200,-7.5471386511401E1,3.98073591996712E1
H,1,5226,102,3,10,46000,2,10003010200-242,10003010200,-7.5471333603118E1,3.9807079766541E1
H,1,1117223,102,3,10,37000,2,10003010200-243,10003010200,-7.54719928575448E1,3.98062241695941E1
H,1,635925,102,3,10,48000,2,10003010200-244,10003010200,-7.54711960726657E1,3.98056087462023E1
H,1,488742,102,3,10,45300,2,10003010200-245,10003010200,-7.54712696260384E1,3.98059643425086E1
H,1,1057701,102,3,10,45080,2,10003010200-246,10003010200,-7.54716265077663E1,3.980695140303E1
H,1,232263,102,3,10,37100,2,10003010200-247,10003010200,-7.54726233550615E1,3.9808608579021E1
H,1,52451,102,3,10,45400,2,10003010200-248,10003010200,-7.5472388746656E1,3.98085707159073E1
H,1,169843,102,3,10,42800,2,10003010200-249,10003010200,-7.54721913498754E1,3.98083524439651E1
H,1,1124303,102,3,10,42080,2,10003010200-250,10003010200,-7.54725113968223E1,3.9808372221017E1
H,1,1302271,102,3,10,93000,2,10003010200-251,10003010200,-7.5472961329639E1,3.98090605281472E1
H,1,1238405,102,3,10,60000,2,10003010200-252,10003010200,-7.54730894223274E1,3.98093214178946E1
H,1,674644,102,3,10,93000,2,10003010200-253,10003010200,-7.54731349024302E1,3.98093936113217E1
H,1,1351754,102,3,10,62000,2,10003010200-254,10003010200,-7.54727380266111E1,3.98087325411997E1
H,1,99752,102,3,10,80000,2,10003010200-255,10003010200,-7.5473384448059E1,3.98088767675564E1
H,1,1351754,102,3,10,62000,2,10003010200-256,10003010200,-7.54737414680537E1,3.98089715519483E1
H,1,1202863,102,3,10,81000,2,10003010200-257,10003010200,-7.54729772755535E1,3.98091721051234E1
H,1,804539,102,3,10,78000,2,10003010200-258,10003010200,-7.5472392610284E1,3.98078155840972E1
H,1,1431432,102,3,10,80300,2,10003010200-259,10003010200,-7.5472777957065E1,3.98072350687588E1
H,1,843236,102,3,10,71000,2,10003010200-260,10003010200,-7.54721357612643E1,3.98075199421718E1
H,1,938006,102,3,10,61000,2,10003010200-261,10003010200,-7.54720844618148E1,3.98080719107347E1
H,1,862360,102,3,10,98500,2,10003010200-262,10003010200,-7.54721303187352E1,3.98072628325538E1
H,1,986622,102,3,10,75000,2,10003010200-263,10003010200,-7.54720686382993E1,3.98077985124065E1
H,1,1474790,102,3,10,63200,2,10003010200-264,10003010200,-7.54724006731056E1,3.98075930219378E1
H,1,84236,102,3,10,58500,2,10003010200-265,10003010200,-7.54725609023746E1,3.9807130935244E1
H,1,1158476,102,3,10,59000,2,10003010200-266,10003010200,-7.5470148744579E1,3.98075545869271E1
H,1,311570,102,3,10,53500,2,10003010200-267,10003010200,-7.5470224358291E1,3.9807811076205E1
H,1,412580,102,3,10,62000,2,10003010200-268,10003010200,-7.54706046364112E1,3.98068904705132E1
H,1,1171522,102,3,10,70990,2,10003010200-269,10003010200,-7.54705630874801E1,3.98071253492437E1
H,1,170730,102,3,10,62020,2,10003010200-270,10003010200,-7.5470260635551E1,3.98076006061815E1
H,1,1420801,102,3,10,53100,2,10003010200-271,10003010200,-7.5469802470203E1,3.98086315787617E1
H,1,740747,102,3,10,65000,2,10003010200-272,10003010200,-7.54694710495863E1,3.98078269054286E1
H,1,1088399,102,3,10,80300,2,10003010200-273,10003010200,-7.54697715919825E1,3.98078688212062E1
H,1,272509,102,3,10,75000,2,10003010200-274,10003010200,-7.54685502602727E1,3.98069959054438E1
H,1,259644,102,3,10,53000,2,10003010200-275,10003010200,-7.54674645887594E1,3.98062848111397E1
H,1,559547,102,3,10,73000,2,10003010200-276,10003010200,-7.54695552408944E1,3.9807341925366E1
H,1,1296422,102,3,10,62390,2,10003010200-277,10003010200,-7.5468913995158E1,3.9806702089183E1
H,1,29271,102,3,10,62420,2,10003010200-278,10003010200,-7.54691305183067E1,3.9807119254949E1
H,1,799599,102,3,10,70300,2,10003010200-279,10003010200,-7.54677212247488E1,3.98065923770592E1
H,1,1391148,102,3,10,61800,2,10003010200-280,10003010200,-7.54691657028784E1,3.98073197001511E1
H,1,1391148,102,3,10,61800,2,10003010200-281,10003010200,-7.54680171824195E1,3.98068088838748E1
H,1,686180,102,3,10,96500,2,10003010200-282,10003010200,-7.54688830281667E1,3.98070718662418E1
H,1,208810,102,3,10,83000,2,10003010200-283,10003010200,-7.5467611429689E1,3.98065997016124E1
H,1,202384,102,3,10,94000,2,10003010200-284,10003010200,-7.54684831614717E1,3.98070918757218E1
H,1,1002090,102,3,10,53700,2,10003010200-285,10003010200,-7.5467726535979E1,3.98066717331905E1
H,1,1468792,102,3,10,85800,2,10003010200-286,10003010200,-7.54700832839432E1,3.98076159407733E1
H,1,1468792,102,3,10,85800,2,10003010200-287,10003010200,-7.54684714634102E1,3.98073480211891E1
H,1,229862,102,3,10,68550,2,10003010200-288,10003010200,-7.54705758981674E1,3.98074814230426E1
H,1,1468792,102,3,10,85800,2,10003010200-289,10003010200,-7.54699356836812E1,3.98073932532241E1
H,1,11587,102,3,10,50100,2,10003010200-290,10003010200,-7.5469910879094E1,3.98076928625383E1
H,1,404913,102,3,10,96200,2,10003010200-291,10003010200,-7.5470437582765E1,3.98078715396156E1
H,1,1429596,102,3,10,96000,2,10003010200-292,10003010200,-7.54715530458523E1,3.98079732237422E1
H,1,397036,102,3,10,75000,2,10003010200-293,10003010200,-7.54713325295286E1,3.98084573858327E1
H,1,1204458,102,3,10,57000,2,10003010200-294,10003010200,-7.54716562152722E1,3.98081947897883E1
H,1,902232,102,3,10,70600,2,10003010200-295,10003010200,-7.54711184769696E1,3.98079731777405E1
H,1,1306174,102,3,10,52400,2,10003010200-296,10003010200,-7.54731734440153E1,3.98086128465413E1
H,1,641179,102,3,10,64000,2,10003010200-297,10003010200,-7.54729720254912E1,3.98087848107552E1
H,1,1234057,102,3,10,78000,2,10003010200-298,10003010200,-7.54733490447826E1,3.98078848470493E1
H,1,611580,102,3,10,57000,2,10003010200-299,10003010200,-7.547380779834E1,3.98079305214361E1
H,1,397036,102,3,10,75000,2,10003010200-300,10003010200,-7.5474393910467E1,3.98083235962974E1
H,1,234959,102,3,10,64300,2,10003010200-301,10003010200,-7.54736409830607E1,3.9808349803464E1
H,1,479428,102,3,10,50800,2,10003010200-302,10003010200,-7.5474698296923E1,3.98087377509453E1
H,1,664793,102,3,10,77000,2,10003010200-303,10003010200,-7.54746288883402E1,3.98083748606342E1
H,1,1325541,102,3,10,85900,2,10003010200-304,10003010200,-7.54748020924911E1,3.98078887231777E1
H,1,98231,102,3,10,52000,2,10003010200-305,10003010200,-7.54730966645665E1,3.9808536611069E1
H,1,133721,102,3,10,95200,2,10003010200-306,10003010200,-7.54736444325927E1,3.9808083724698E1
H,1,1325541,102,3,10,85900,2,10003010200-307,10003010200,-7.5473314021967E1,3.98082397161435E1
H,1,1331581,102,3,10,88900,2,10003010200-308,10003010200,-7.54747816900661E1,3.98083159833654E1
H,1,835913,102,3,10,73500,2,10003010200-309,10003010200,-7.54746917304455E1,3.98089439913155E1
H,1,54054,102,3,10,59000,2,10003010200-310,10003010200,-7.54747577839143E1,3.98087019667894E1
H,1,225203,102,3,10,79210,2,10003010200-311,10003010200,-7.5468804920539E1,3.98079947675198E1
H,1,98231,102,3,10,52000,2,10003010200-312,10003010200,-7.5468230241138E1,3.98077582535446E1
H,1,557933,102,3,10,67800,2,10003010200-313,10003010200,-7.54678525270752E1,3.98072582446022E1
H,1,233895,102,3,10,86400,2,10003010200-314,10003010200,-7.54674858947648E1,3.98074592046216E1
H,1,1465186,102,3,10,53000,2,10003010200-315,10003010200,-7.54684852706645E1,3.98073660839468E1
H,1,1041522,102,3,10,67900,2,10003010200-316,10003010200,-7.54674152111004E1,3.98071275281301E1
H,1,2819,102,3,10,97000,2,10003010200-317,10003010200,-7.54679560700221E1,3.9807350755859E1
H,1,175463,102,3,10,84140,2,10003010200-318,10003010200,-7.54681236814903E1,3.98071983495995E1
H,1,348354,102,3,10,50800,2,10003010200-319,10003010200,-7.54676363762402E1,3.98072519006411E1
H,1,1431357,102,3,10,85000,2,10003010200-320,10003010200,-7.54684187322294E1,3.98077903084113E1
H,1,996551,102,3,10,50490,2,10003010200-321,10003010200,-7.54676813556734E1,3.98076777177181E1
H,1,1199250,102,3,10,63500,2,10003010200-322,10003010200,-7.54680126313361E1,3.980763482497E1
H,1,269603,102,3,10,64700,2,10003010200-323,10003010200,-7.54688570829217E1,3.98075912871727E1
H,1,1411519,102,3,10,91200,2,10003010200-324,10003010200,-7.54687309342913E1,3.98079218700065E1
H,1,1028168,102,3,10,72400,2,10003010200-325,10003010200,-7.54699953885427E1,3.9808322264904E1
H,1,175463,102,3,10,84140,2,10003010200-326,10003010200,-7.5470213173859E1,3.98086993977936E1
H,1,1199250,102,3,10,63500,2,10003010200-327,10003010200,-7.5470197964937E1,3.98091165043458E1
H,1,1116147,102,3,10,62000,2,10003010200-328,10003010200,-7.54702188139037E1,3.9808719597022E1
H,1,269603,102,3,10,64700,2,10003010200-329,10003010200,-7.54698036723755E1,3.98082184860538E1
H,1,1233832,102,3,10,62570,2,10003010200-330,10003010200,-7.54700924330353E1,3.98087159282068E1
H,1,492409,102,3,10,90100,2,10003010200-331,10003010200,-7.54654593651074E1,3.98086478296712E1
H,1,662646,102,3,10,75800,2,10003010200-332,10003010200,-7.54656204506613E1,3.98090191477E1
H,1,1439451,102,3,10,83000,2,10003010200-333,10003010200,-7.54652719796803E1,3.9808262403338E1
H,1,431943,102,3,10,51100,2,10003010200-334,10003010200,-7.54656943464234E1,3.980930073684E1
H,1,175463,102,3,10,84140,2,10003010200-335,10003010200,-7.54657682594834E1,3.98089171085504E1
H,1,435662,102,3,10,89500,2,10003010200-336,10003010200,-7.54657779292212E1,3.98076546139398E1
H,1,471366,102,3,10,60600,2,10003010200-337,10003010200,-7.54656963610975E1,3.98077370289653E1
H,1,1098324,102,3,10,58950,2,10003010200-338,10003010200,-7.54653383425714E1,3.98076345610933E1
H,1,626576,102,3,10,78400,2,10003010200-339,10003010200,-7.5465840095601E1,3.98079485014112E1
H,1,1273668,102,3,10,63500,2,10003010200-340,10003010200,-7.54655985335683E1,3.9806747225419E1
H,1,1200726,102,3,10,81760,2,10003010200-341,10003010200,-7.54658067964026E1,3.98063849980354E1
H,1,473262,102,3,10,56750,2,10003010200-342,10003010200,-7.54658337996884E1,3.98071027551297E1
H,1,1086212,102,3,10,56500,2,10003010200-343,10003010200,-7.54700357958881E1,3.9809050027326E1
H,1,771395,102,3,10,70200,2,10003010200-344,10003010200,-7.54683323085285E1,3.98079976614524E1
H,1,675875,102,3,10,74600,2,10003010200-345,10003010200,-7.54671195414953E1,3.98076174071067E1
H,1,899471,102,3,10,52000,2,10003010200-346,10003010200,-7.54662034013671E1,3.98076946274963E1
H,1,1285732,102,3,10,59700,2,10003010200-347,10003010200,-7.54660704243775E1,3.98076558389071E1
H,1,990467,102,3,10,54500,2,10003010200-348,10003010200,-7.54661459934924E1,3.98074802842668E1
H,1,1191314,102,3,10,67670,2,10003010200-349,10003010200,-7.54683480631663E1,3.9808506552187E1
H,1,341548,102,3,10,129500,2,10003010200-350,10003010200,-7.54698601411292E1,3.98091427970748E1
H,1,1043951,102,3,10,59000,2,10003010200-351,10003010200,-7.54683523598998E1,3.9808515131525E1
H,1,990467,102,3,10,54500,2,10003010200-352,10003010200,-7.54661388166675E1,3.98072365153006E1
H,1,432544,102,3,10,59660,2,10003010200-353,10003010200,-7.54672115402365E1,3.98082131501065E1
H,1,1095955,102,3,10,58750,2,10003010200-354,10003010200,-7.54655723979894E1,3.98074900667597E1
H,1,403279,102,3,10,79500,2,10003010200-355,10003010200,-7.54684361076501E1,3.98082233361914E1
H,1,1086212,102,3,10,56500,2,10003010200-356,10003010200,-7.5467823274885E1,3.98081771073056E1
H,1,564777,102,3,10,67500,2,10003010200-357,10003010200,-7.5467812727318E1,3.98084029847296E1
H,1,395142,102,3,10,92500,2,10003010200-358,10003010200,-7.54664182781876E1,3.98075965941012E1
H,1,734330,102,3,10,56000,2,10003010200-359,10003010200,-7.54701823923628E1,3.9809217472051E1
H,1,222203,102,3,10,99000,2,10003010200-360,10003010200,-7.54702826395112E1,3.98091995657445E1
H,1,668195,102,3,10,53000,2,10003010200-361,10003010200,-7.54653221349493E1,3.98071938357631E1
H,1,77617,102,3,10,81000,2,10003010200-362,10003010200,-7.54693475630327E1,3.98087922592435E1
H,1,1074610,102,3,10,53200,2,10003010200-363,10003010200,-7.54680361146856E1,3.98082662314748E1
H,1,343456,102,3,10,75300,2,10003010200-364,10003010200,-7.54668517702594E1,3.98076574164273E1
H,1,235769,102,3,10,73000,2,10003010200-365,10003010200,-7.54688908968735E1,3.98084086079802E1
H,1,1074309,102,3,10,70000,2,10003010200-366,10003010200,-7.54679861448217E1,3.980859331117E1
H,1,1074309,102,3,10,70000,2,10003010200-367,10003010200,-7.54693699665327E1,3.98086335754028E1
H,1,1074610,102,3,10,53200,2,10003010200-368,10003010200,-7.5471578515085E1,3.98088990135803E1
H,1,980044,102,3,10,80000,2,10003010200-369,10003010200,-7.5471904507814E1,3.98095843736975E1
H,1,840371,102,3,10,75000,2,10003010200-370,10003010200,-7.5471698466172E1,3.9809114157003E1
H,1,980044,102,3,10,80000,2,10003010200-371,10003010200,-7.54716917639301E1,3.98092779802263E1
H,1,194807,102,3,10,83000,2,10003010200-372,10003010200,-7.54701649789531E1,3.98090037007987E1
H,1,586675,102,3,10,70000,2,10003010200-373,10003010200,-7.54712446283707E1,3.98090782611406E1
H,1,501210,102,3,10,60200,2,10003010200-374,10003010200,-7.54708808996285E1,3.98087581903415E1
H,1,970436,102,3,10,64900,2,10003010200-375,10003010200,-7.54726290641985E1,3.9809959413696E1
H,1,10784,102,3,10,79000,2,10003010200-376,10003010200,-7.54730152612336E1,3.9810222437411E1
H,1,826624,102,3,10,71600,2,10003010200-377,10003010200,-7.54733208288447E1,3.98102804080641E1
H,1,528880,102,3,10,61730,2,10003010200-378,10003010200,-7.54720970644887E1,3.98088096486981E1
H,1,1281132,102,3,10,81300,2,10003010200-379,10003010200,-7.5472201442476E1,3.98094710471563E1
H,1,364308,102,3,10,63400,2,10003010200-380,10003010200,-7.54732001858594E1,3.98099390887182E1
H,1,223505,102,3,10,51600,2,10003010200-381,10003010200,-7.54718974951994E1,3.98094455365475E1
H,1,946228,102,3,10,63000,2,10003010200-382,10003010200,-7.54725573128508E1,3.98096637368708E1
H,1,946228,102,3,10,63000,2,10003010200-383,10003010200,-7.5459797660971E1,3.98105347773895E1
H,1,86653,102,3,10,78000,2,10003010200-384,10003010200,-7.54669863416042E1,3.9812146824981E1
H,1,560075,102,3,10,152500,2,10003010200-385,10003010200,-7.5467092146142E1,3.9811755393433E1
H,1,82762,102,3,10,188000,2,10003010200-386,10003010200,-7.5466720973325E1,3.9812194077115E1
H,1,1100334,102,3,10,136001,2,10003010200-387,10003010200,-7.54669357501587E1,3.9812600216161E1
H,1,1227936,102,3,10,130000,2,10003010200-388,10003010200,-7.54667064809643E1,3.98128297171498E1
H,1,126728,102,3,10,113000,2,10003010200-389,10003010200,-7.54667519834964E1,3.98131093381012E1
H,1,681215,102,3,10,120000,2,10003010200-390,10003010200,-7.54661239620954E1,3.98129756157318E1
H,1,1331942,102,3,10,130200,2,10003010200-391,10003010200,-7.5471009643703E1,3.98111943372358E1
H,1,574602,102,3,10,100000,2,10003010200-392,10003010200,-7.54710653827712E1,3.98111501927433E1
H,1,586443,102,3,10,151000,2,10003010200-393,10003010200,-7.54705043951054E1,3.98114220128573E1
H,1,1015861,102,3,10,105000,2,10003010200-394,10003010200,-7.5470675906261E1,3.9811226360318E1
H,1,1365112,102,3,10,170000,2,10003010200-395,10003010200,-7.54703897606928E1,3.98108337604102E1
H,1,48639,102,3,10,169000,2,10003010200-396,10003010200,-7.5469522908855E1,3.98120403961066E1
H,1,49779,102,3,10,186000,2,10003010200-397,10003010200,-7.5469725264503E1,3.98117385055094E1
H,1,49779,102,3,10,186000,2,10003010200-398,10003010200,-7.54680408238837E1,3.98124455650188E1
H,1,740490,102,3,10,115120,2,10003010200-399,10003010200,-7.54683654135531E1,3.98124114938022E1
H,1,1167398,102,3,10,127000,2,10003010200-400,10003010200,-7.54697125311876E1,3.98117557286166E1
H,1,69624,102,3,10,153040,2,10003010200-401,10003010200,-7.5467732851101E1,3.98125541759101E1
H,1,76103,102,3,10,188000,2,10003010200-402,10003010200,-7.54686622356166E1,3.98122376858512E1
H,1,600545,102,3,10,128500,2,10003010200-403,10003010200,-7.5468414079376E1,3.98119564111685E1
H,1,1322805,102,3,10,162000,2,10003010200-404,10003010200,-7.54689500022486E1,3.98121429761924E1
H,1,85459,102,3,10,155900,2,10003010200-405,10003010200,-7.54686749378924E1,3.98120718386445E1
H,1,805346,102,3,10,123200,2,10003010200-406,10003010200,-7.54692986381034E1,3.98119484520302E1
H,1,1460155,102,3,10,163000,2,10003010200-407,10003010200,-7.54689026880622E1,3.98118571604163E1
H,1,805346,102,3,10,123200,2,10003010200-408,10003010200,-7.5469269003511E1,3.98119674114E1
H,1,936923,102,3,10,105800,2,10003010200-409,10003010200,-7.54688080871855E1,3.98113627289562E1
H,1,69277,102,3,10,100000,2,10003010200-410,10003010200,-7.54680275643142E1,3.9811608481093E1
H,1,756174,102,3,10,160000,2,10003010200-411,10003010200,-7.54687463976907E1,3.98111932080807E1
H,1,1038151,102,3,10,124100,2,10003010200-412,10003010200,-7.54677017268422E1,3.98117858128475E1
H,1,1100181,102,3,10,107680,2,10003010200-413,10003010200,-7.54676909246893E1,3.9811736064451E1
H,1,1100181,102,3,10,107680,2,10003010200-414,10003010200,-7.54685491792648E1,3.9811166695733E1
H,1,1044275,102,3,10,132000,2,10003010200-415,10003010200,-7.546803726276E1,3.98114373958491E1
H,1,1041985,102,3,10,113470,2,10003010200-416,10003010200,-7.54660432067016E1,3.98111234415618E1
H,1,235770,102,3,10,142400,2,10003010200-417,10003010200,-7.54660707108103E1,3.9811198827088E1
H,1,584242,102,3,10,105000,2,10003010200-418,10003010200,-7.54660357332616E1,3.98110860013812E1
H,1,710945,102,3,10,167000,2,10003010200-419,10003010200,-7.54666864227966E1,3.98114579230713E1
H,1,687695,102,3,10,186820,2,10003010200-420,10003010200,-7.54660544035997E1,3.98109277650888E1
H,1,509888,102,3,10,118680,2,10003010200-421,10003010200,-7.54670561789871E1,3.9811779318536E1
H,1,794285,102,3,10,103000,2,10003010200-422,10003010200,-7.54671959377501E1,3.98117048006527E1
H,1,376096,102,3,10,144000,2,10003010200-423,10003010200,-7.5467321395647E1,3.98119305082786E1
H,1,1358248,102,3,10,119700,2,10003010200-424,10003010200,-7.54671056356113E1,3.98113894659133E1
H,1,599874,102,3,10,105200,2,10003010200-425,10003010200,-7.54668019771196E1,3.98110694912402E1
H,1,138194,102,3,10,164800,2,10003010200-426,10003010200,-7.54675211847102E1,3.9812511985494E1
H,1,317050,102,3,10,112000,2,10003010200-427,10003010200,-7.5467853178403E1,3.98126396101941E1
H,1,747691,102,3,10,107500,2,10003010200-428,10003010200,-7.546761047257E1,3.98121311779771E1
H,1,165960,102,3,10,164000,2,10003010200-429,10003010200,-7.54670940288093E1,3.98121691009356E1
H,1,541108,102,3,10,107500,2,10003010200-430,10003010200,-7.5467999147474E1,3.98124264908457E1
H,1,1225449,102,3,10,117000,2,10003010200-431,10003010200,-7.5467514318112E1,3.98121811733283E1
H,1,1245825,102,3,10,107100,2,10003010200-432,10003010200,-7.54696452288038E1,3.98122714548274E1
H,1,411110,102,3,10,173300,2,10003010200-433,10003010200,-7.54681911185584E1,3.9812794686885E1
H,1,208728,102,3,10,122400,2,10003010200-434,10003010200,-7.54684252293241E1,3.98127590393598E1
H,1,1133724,102,3,10,145200,2,10003010200-435,10003010200,-7.54696894755984E1,3.98128806731475E1
H,1,1026094,102,3,10,113200,2,10003010200-436,10003010200,-7.54686147841888E1,3.981262601079E1
H,1,960685,102,3,10,386000,2,10003010200-437,10003010200,-7.54687308288493E1,3.98127779220171E1
H,1,200100,102,3,10,219300,2,10003010200-438,10003010200,-7.5467938146714E1,3.9812395305665E1
H,1,951848,102,3,10,399000,2,10003010200-439,10003010200,-7.54687349713178E1,3.9812936960637E1
H,1,234432,102,3,10,381200,2,10003010200-440,10003010200,-7.54698609543782E1,3.98125919632153E1
H,1,870403,102,3,10,208400,2,10003010200-441,10003010200,-7.5470510588462E1,3.9812654025445E1
H,1,176292,102,3,10,289000,2,10003010200-442,10003010200,-7.54702488760781E1,3.98120297053384E1
H,1,1015353,102,3,10,440000,2,10003010200-443,10003010200,-7.54705258327284E1,3.98121368632836E1
H,1,1278217,102,3,10,426040,2,10003010200-444,10003010200,-7.54700209383265E1,3.98122163152717E1
H,1,132432,102,3,10,267500,2,10003010200-445,10003010200,-7.54709194240645E1,3.98120740362813E1
H,1,450763,102,3,10,267100,2,10003010200-446,10003010200,-7.54704621036666E1,3.98121244793477E1
H,1,515866,102,3,10,441200,2,10003010200-447,10003010200,-7.54705015529004E1,3.9812047725305E1
H,1,195956,102,3,10,227250,2,10003010200-448,10003010200,-7.5471073186458E1,3.98113256984878E1
H,1,455697,102,3,10,482000,2,10003010200-449,10003010200,-7.54708050230965E1,3.98114200850762E1
H,1,298113,102,3,10,343000,2,10003010200-450,10003010200,-7.5470946746147E1,3.98122680300798E1
H,1,982230,102,3,10,18500,3,10003010200-451,10003010200,-7.54705479176942E1,3.98121397335348E1
H,1,642649,102,3,10,20890,3,10003010200-452,10003010200,-7.54700131862178E1,3.98131615274191E1
H,1,177178,102,3,10,25000,3,10003010200-453,10003010200,-7.5470022806286E1,3.9812849328909E1
H,1,887448,102,3,10,36300,3,10003010200-454,10003010200,-7.54697678200046E1,3.98128484687344E1
H,1,531538,102,3,10,44000,3,10003010200-455,10003010200,-7.54634518186718E1,3.98119481424417E1
H,1,616218,102,3,10,43000,3,10003010200-456,10003010200,-7.54633600172938E1,3.9811784658421E1
H,1,1399738,102,3,10,43400,3,10003010200-457,10003010200,-7.5463515836079E1,3.98118443910858E1
H,1,540890,102,3,10,37600,3,10003010200-458,10003010200,-7.546337281052E1,3.98123125671757E1
H,1,999061,102,3,10,36500,3,10003010200-459,10003010200,-7.54640395651945E1,3.98120341391414E1
H,1,894217,102,3,10,43600,3,10003010200-460,10003010200,-7.54642869802616E1,3.9812084955355E1
H,1,936516,102,3,10,37120,3,10003010200-461,10003010200,-7.54637407583164E1,3.98120079975632E1
H,1,1270542,102,3,10,35000,3,10003010200-462,10003010200,-7.54640939099341E1,3.9812024710927E1
H,1,1209909,102,3,10,86000,3,10003010200-463,10003010200,-7.54642827089396E1,3.98120574051847E1
H,1,1093504,102,3,10,95000,3,10003010200-464,10003010200,-7.54644911477817E1,3.98125564753746E1
H,1,363173,102,3,10,91800,3,10003010200-465,10003010200,-7.5465191754561E1,3.9812137643084E1
H,1,453409,102,3,10,62000,3,10003010200-466,10003010200,-7.54644520464896E1,3.98120121745537E1
H,1,816884,102,3,10,53000,3,10003010200-467,10003010200,-7.5464680050608E1,3.98126507079734E1
H,1,294065,102,3,10,50000,3,10003010200-468,10003010200,-7.54647187999051E1,3.98124107147698E1
H,1,294065,102,3,10,50000,3,10003010200-469,10003010200,-7.54662072303718E1,3.9812787161698E1
H,1,482367,102,3,10,63000,3,10003010200-470,10003010200,-7.54658687533257E1,3.98128096251622E1
H,1,937094,102,3,10,78000,3,10003010200-471,10003010200,-7.54662808640225E1,3.98130608790708E1
H,1,294065,102,3,10,50000,3,10003010200-472,10003010200,-7.5466207411625E1,3.98131949188265E1
H,1,1167632,102,3,10,66300,3,10003010200-473,10003010200,-7.54672478320071E1,3.98129824723192E1
H,1,908844,102,3,10,55600,3,10003010200-474,10003010200,-7.54684188242293E1,3.98132858776608E1
H,1,1440570,102,3,10,72600,3,10003010200-475,10003010200,-7.54677488543064E1,3.98135652422708E1
H,1,210693,102,3,10,66000,3,10003010200-476,10003010200,-7.54665753804088E1,3.98127409369787E1
H,1,821506,102,3,10,60100,3,10003010200-477,10003010200,-7.54668899750435E1,3.98129139887226E1
H,1,132379,102,3,10,77000,3,10003010200-478,10003010200,-7.5467221897858E1,3.98130419346137E1
H,1,983397,102,3,10,59190,3,10003010200-479,10003010200,-7.54674103986451E1,3.98132205554647E1
H,1,1250209,102,3,10,89000,3,10003010200-480,10003010200,-7.54681812561944E1,3.98135709030096E1
H,1,648617,102,3,10,84250,3,10003010200-481,10003010200,-7.54683672396942E1,3.9813260314094E1
H,1,1391477,102,3,10,93900,3,10003010200-482,10003010200,-7.54664680771932E1,3.98126642229713E1
H,1,226591,102,3,10,76400,3,10003010200-483,10003010200,-7.54680196806211E1,3.98130658192843E1
H,1,1071317,102,3,10,68000,3,10003010200-484,10003010200,-7.54680294754582E1,3.98131559040227E1
H,1,1037833,102,3,10,94200,3,10003010200-485,10003010200,-7.54667405654032E1,3.98136239441646E1
H,1,763350,102,3,10,63900,3,10003010200-486,10003010200,-7.54669987426437E1,3.98130058782477E1
H,1,353667,102,3,10,65300,3,10003010200-487,10003010200,-7.54668172464856E1,3.98133634027775E1
H,1,763350,102,3,10,63900,3,10003010200-488,10003010200,-7.54668910092677E1,3.98135756286148E1
H,1,1247176,102,3,10,55500,3,10003010200-489,10003010200,-7.54678669516405E1,3.98133753947626E1
H,1,1037833,102,3,10,94200,3,10003010200-490,10003010200,-7.54674020296586E1,3.9813924480624E1
H,1,900303,102,3,10,58600,3,10003010200-491,10003010200,-7.54675735192551E1,3.98136884563973E1
H,1,474683,102,3,10,77850,3,10003010200-492,10003010200,-7.54679863164876E1,3.98133118560198E1
H,1,1286168,102,3,10,69100,3,10003010200-493,10003010200,-7.5467983771698E1,3.98136455358508E1
H,1,332166,102,3,10,77400,3,10003010200-494,10003010200,-7.54684814824816E1,3.98136829536702E1
H,1,1002725,102,3,10,59300,3,10003010200-495,10003010200,-7.5468549454271E1,3.98138430903078E1
H,1,1032301,102,3,10,57100,3,10003010200-496,10003010200,-7.5468743597902E1,3.9814293824021E1
H,1,967922,102,3,10,56000,3,10003010200-497,10003010200,-7.54696375372697E1,3.98143866623311E1
H,1,851217,102,3,10,64710,3,10003010200-498,10003010200,-7.54692911030662E1,3.9814408402066E1
H,1,424342,102,3,10,90610,3,10003010200-499,10003010200,-7.546965458293E1,3.98143381569385E1
H,1,250169,102,3,10,96800,3,10003010200-500,10003010200,-7.54738199457515E1,3.98092755810497E1
H,1,479431,102,3,10,97800,3,10003010200-501,10003010200,-7.54734378615616E1,3.98100837308774E1
H,1,479431,102,3,10,97800,3,10003010200-502,10003010200,-7.54736085611398E1,3.98098644896906E1
H,1,803570,102,3,10,56200,3,10003010200-503,10003010200,-7.5473646969698E1,3.98095346778136E1
H,1,1434718,102,3,10,80000,3,10003010200-504,10003010200,-7.54729083783347E1,3.98099534742267E1
H,1,89913,102,3,10,71400,3,10003010200-505,10003010200,-7.54723382640337E1,3.98108300147522E1
H,1,1411949,102,3,10,96200,3,10003010200-506,10003010200,-7.5473227445011E1,3.9810041861788E1
H,1,325914,102,3,10,70000,3,10003010200-507,10003010200,-7.54732831415518E1,3.98098743061084E1
H,1,1475633,102,3,10,53700,3,10003010200-508,10003010200,-7.54722452606784E1,3.98101169168411E1
H,1,265272,102,3,10,80100,3,10003010200-509,10003010200,-7.5472079737127E1,3.98102430955914E1
H,1,676141,102,3,10,60000,3,10003010200-510,10003010200,-7.54725851584404E1,3.98103408811546E1
H,1,1343846,102,3,10,64200,3,10003010200-511,10003010200,-7.54719929066731E1,3.98101512886268E1
H,1,1466414,102,3,10,76000,3,10003010200-512,10003010200,-7.54729406403575E1,3.980988457861E1
H,1,284450,102,3,10,50000,3,10003010200-513,10003010200,-7.54724711488976E1,3.98107788067556E1
H,1,271604,102,3,10,82000,3,10003010200-514,10003010200,-7.54628763566916E1,3.98105997823776E1
H,1,271604,102,3,10,82000,3,10003010200-515,10003010200,-7.54622480404663E1,3.98106973346068E1
H,1,922937,102,3,10,102000,3,10003010200-516,10003010200,-7.54622665261351E1,3.98105494454374E1
H,1,1415843,102,3,10,108000,3,10003010200-517,10003010200,-7.54630005358351E1,3.9811256936277E1
H,1,373115,102,3,10,104011,3,10003010200-518,10003010200,-7.5462821341382E1,3.98108981982813E1
H,1,512539,102,3,10,100000,3,10003010200-519,10003010200,-7.54639661244553E1,3.98078050760022E1
H,1,423912,102,3,10,189000,3,10003010200-520,10003010200,-7.54616360936514E1,3.98104318353988E1
H,1,709492,102,3,10,171300,3,10003010200-521,10003010200,-7.54653237598384E1,3.980772572583E1
H,1,842863,102,3,10,126000,3,10003010200-522,10003010200,-7.5461413906259E1,3.98103914547442E1
H,1,232469,102,3,10,105314,3,10003010200-523,10003010200,-7.54617534894214E1,3.980908912633E1
H,1,1113413,102,3,10,127000,3,10003010200-524,10003010200,-7.54617152972334E1,3.9810683990086E1
H,1,1113413,102,3,10,127000,3,10003010200-525,10003010200,-7.54630099904593E1,3.98091341111066E1
H,1,236361,102,3,10,126400,3,10003010200-526,10003010200,-7.54619174332268E1,3.98106658368936E1
H,1,270147,102,3,10,146000,3,10003010200-527,10003010200,-7.54631784816115E1,3.98085558602111E1
H,1,1081101,102,3,10,154040,3,10003010200-528,10003010200,-7.54616725495384E1,3.98097598752443E1
H,1,984748,102,3,10,179000,3,10003010200-529,10003010200,-7.54642886655181E1,3.98070429038286E1
H,1,806060,102,3,10,110000,3,10003010200-530,10003010200,-7.54642566522111E1,3.98077340205603E1
H,1,758486,102,3,10,120000,3,10003010200-531,10003010200,-7.54647550849737E1,3.98074823713402E1
H,1,647076,102,3,10,109000,3,10003010200-532,10003010200,-7.54632706168858E1,3.9808383238901E1
H,1,1382695,102,3,10,125000,3,10003010200-533,10003010200,-7.54634717106818E1,3.9808487628313E1
H,1,181378,102,3,10,126000,3,10003010200-534,10003010200,-7.54615810943718E1,3.9809776376081E1
H,1,1219782,102,3,10,102500,3,10003010200-535,10003010200,-7.54642652628418E1,3.98080785681723E1
H,1,768893,102,3,10,159000,3,10003010200-536,10003010200,-7.5461609149613E1,3.98098159722045E1
H,1,386930,102,3,10,117600,3,10003010200-537,10003010200,-7.54615688256593E1,3.98098769331012E1
H,1,1247712,102,3,10,460500,3,10003010200-538,10003010200,-7.54634629742747E1,3.98081141505323E1
H,1,1076300,102,3,10,430000,3,10003010200-539,10003010200,-7.5464163107504E1,3.98075593053814E1
H,1,1152620,102,3,10,23000,4,10003010200-540,10003010200,-7.54613497394848E1,3.9809838373652E1
H,1,1166416,102,3,10,17300,4,10003010200-541,10003010200,-7.5462437345349E1,3.980917096036E1
H,1,166719,102,3,10,17300,4,10003010200-542,10003010200,-7.54634864647834E1,3.98086071078138E1
H,1,570198,102,3,10,24000,4,10003010200-543,10003010200,-7.54620115070263E1,3.98104999506968E1
H,1,137383,102,3,10,18000,4,10003010200-544,10003010200,-7.54655594605906E1,3.98071799989702E1
H,1,617538,102,3,10,34000,4,10003010200-545,10003010200,-7.54641471514202E1,3.9807844557488E1
H,1,1216869,102,3,10,31200,4,10003010200-546,10003010200,-7.54637645614518E1,3.98082853936477E1
H,1,330582,102,3,10,34000,4,10003010200-547,10003010200,-7.54647547843687E1,3.98074852321975E1
H,1,778142,102,3,10,41900,4,10003010200-548,10003010200,-7.54680602066016E1,3.98089198941608E1
H,1,6969,102,3,10,45000,2,10003010200-549,10003010200,-7.54665732296805E1,3.98082462421741E1
H,1,1183406,102,3,10,37580,4,10003010200-550,10003010200,-7.54687888315181E1,3.9809209875989E1
H,1,279321,102,3,10,46700,4,10003010200-551,10003010200,-7.54693265329792E1,3.9809680880239E1
H,1,1429991,102,3,10,37100,4,10003010200-552,10003010200,-7.54683043294193E1,3.98092359521953E1
H,1,1362219,102,3,10,46000,4,10003010200-553,10003010200,-7.54692545298608E1,3.98098918953516E1
H,1,1331244,102,3,10,36800,4,10003010200-554,10003010200,-7.546664487456E1,3.98085665236304E1
H,1,1424593,102,3,10,45500,4,10003010200-555,10003010200,-7.54658549113325E1,3.98085168238553E1
H,1,1331244,102,3,10,36800,4,10003010200-556,10003010200,-7.54670301947854E1,3.98089988652686E1
H,1,1158815,102,3,10,40800,4,10003010200-557,10003010200,-7.54672495314813E1,3.98088431915654E1
H,1,801188,102,3,10,77000,4,10003010200-558,10003010200,-7.5469622173845E1,3.98095031975846E1
H,1,859844,102,3,10,64300,4,10003010200-559,10003010200,-7.5465808031381E1,3.98082732999524E1
H,1,1351271,102,3,10,52800,4,10003010200-560,10003010200,-7.54680491443363E1,3.98091923968441E1
H,1,1249540,102,3,10,80000,4,10003010200-561,10003010200,-7.54692234721048E1,3.980979700967E1
H,1,859844,102,3,10,64300,4,10003010200-562,10003010200,-7.54695688904046E1,3.98096447615434E1
H,1,1306387,102,3,10,62000,4,10003010200-563,10003010200,-7.54699437777326E1,3.98097046529844E1
H,1,1349207,102,3,10,81800,4,10003010200-564,10003010200,-7.54684476533718E1,3.98093904854647E1
H,1,762626,102,3,10,77000,4,10003010200-565,10003010200,-7.54666275126325E1,3.98086217806032E1
H,1,809881,102,3,10,68000,4,10003010200-566,10003010200,-7.54657351202923E1,3.98081033625643E1
H,1,780244,102,3,10,67600,4,10003010200-567,10003010200,-7.54675276316791E1,3.98088726754516E1
H,1,780244,102,3,10,67600,4,10003010200-568,10003010200,-7.54674604339635E1,3.98086637955856E1
H,1,809881,102,3,10,68000,4,10003010200-569,10003010200,-7.54689047045228E1,3.9809755970117E1
H,1,1156027,102,3,10,55000,4,10003010200-570,10003010200,-7.54695701529522E1,3.98098647033544E1
H,1,1156027,102,3,10,55000,4,10003010200-571,10003010200,-7.54666451108281E1,3.9808463004592E1
H,1,556050,102,3,10,55600,4,10003010200-572,10003010200,-7.54630771286324E1,3.9809310896623E1
H,1,362630,102,3,10,91200,4,10003010200-573,10003010200,-7.546435339188E1,3.98090135858233E1
H,1,222778,102,3,10,85500,4,10003010200-574,10003010200,-7.54634371609528E1,3.98092898656914E1
H,1,1027636,102,3,10,90000,4,10003010200-575,10003010200,-7.5463488105673E1,3.98094902799966E1
H,1,1295936,102,3,10,60750,4,10003010200-576,10003010200,-7.54623447848758E1,3.98099195893421E1
H,1,1003070,102,3,10,55600,4,10003010200-577,10003010200,-7.54646648515557E1,3.98082587589743E1
H,1,231287,102,3,10,82200,4,10003010200-578,10003010200,-7.54646542743537E1,3.98084678102854E1
H,1,850985,102,3,10,70280,4,10003010200-579,10003010200,-7.54627145201103E1,3.98097454515564E1
H,1,175994,102,3,10,66000,4,10003010200-580,10003010200,-7.54621738903174E1,3.98098448574488E1
H,1,79167,102,3,10,51400,4,10003010200-581,10003010200,-7.54642490041631E1,3.98087266948724E1
H,1,893348,102,3,10,80510,4,10003010200-582,10003010200,-7.54640216792116E1,3.98087821315308E1
H,1,1003070,102,3,10,55600,4,10003010200-583,10003010200,-7.54652525612037E1,3.9807836557702E1
H,1,958438,102,3,10,62000,4,10003010200-584,10003010200,-7.5462769107434E1,3.9809777489138E1
H,1,428681,102,3,10,76300,4,10003010200-585,10003010200,-7.5464172153298E1,3.9808913753615E1
H,1,175994,102,3,10,66000,4,10003010200-586,10003010200,-7.54638968035083E1,3.98089510200672E1
H,1,97957,102,3,10,77700,4,10003010200-587,10003010200,-7.54635537036942E1,3.9809278237825E1
H,1,222295,102,3,10,67600,4,10003010200-588,10003010200,-7.5464832949519E1,3.98082617706737E1
H,1,1363812,102,3,10,54100,4,10003010200-589,10003010200,-7.5463032719653E1,3.9810030358722E1
H,1,1051506,102,3,10,91000,4,10003010200-590,10003010200,-7.54622564189543E1,3.98108010419844E1
H,1,1051506,102,3,10,91000,4,10003010200-591,10003010200,-7.54644551963642E1,3.98088083500365E1
H,1,884697,102,3,10,62000,4,10003010200-592,10003010200,-7.54711404832975E1,3.981064598127E1
H,1,269845,102,3,10,57200,4,10003010200-593,10003010200,-7.5470781478763E1,3.98103348090307E1
H,1,269845,102,3,10,57200,4,10003010200-594,10003010200,-7.54710139498244E1,3.9810213345161E1
H,1,1112194,102,3,10,94300,4,10003010200-595,10003010200,-7.54710838882014E1,3.98099271945344E1
H,1,763706,102,3,10,72000,4,10003010200-596,10003010200,-7.54716924902471E1,3.9809608921926E1
H,1,1142887,102,3,10,75000,4,10003010200-597,10003010200,-7.54720882672435E1,3.98094560653995E1
H,1,259735,102,3,10,68700,4,10003010200-598,10003010200,-7.54720094218003E1,3.98096163387918E1
H,1,538299,102,3,10,68000,4,10003010200-599,10003010200,-7.5471569025964E1,3.9809788947341E1
H,1,1383812,102,3,10,52000,4,10003010200-600,10003010200,-7.54630086220757E1,3.9811055705277E1
H,1,604247,102,3,10,67000,4,10003010200-601,10003010200,-7.54631319661002E1,3.9810837065247E1
H,1,627400,102,3,10,51000,4,10003010200-602,10003010200,-7.54637762169002E1,3.98108802681234E1
H,1,84995,102,3,10,97070,4,10003010200-603,10003010200,-7.54635392796872E1,3.98112533636423E1
H,1,1118610,102,3,10,63000,4,10003010200-604,10003010200,-7.5463406333316E1,3.98108497147291E1
H,1,263483,102,3,10,69200,4,10003010200-605,10003010200,-7.54632958802843E1,3.98108165095528E1
H,1,1041439,102,3,10,69200,4,10003010200-606,10003010200,-7.54631761624402E1,3.98111093394143E1
H,1,829707,102,3,10,53170,4,10003010200-607,10003010200,-7.54647353194997E1,3.98094670037503E1
H,1,938209,102,3,10,63000,4,10003010200-608,10003010200,-7.54648897116394E1,3.98091011820302E1
H,1,1208342,102,3,10,113960,4,10003010200-609,10003010200,-7.54651508607551E1,3.9809188097082E1
H,1,324837,102,3,10,101200,4,10003010200-610,10003010200,-7.54636231157815E1,3.98097159646025E1
H,1,463814,102,3,10,115000,4,10003010200-611,10003010200,-7.54652022535092E1,3.98093239769736E1
H,1,1249809,102,3,10,145000,4,10003010200-612,10003010200,-7.54652938021192E1,3.98091760098697E1
H,1,71801,102,3,10,151000,4,10003010200-613,10003010200,-7.54646095184683E1,3.98096616159514E1
H,1,422989,102,3,10,138000,4,10003010200-614,10003010200,-7.54640609732428E1,3.98099343523854E1
H,1,419979,102,3,10,122000,4,10003010200-615,10003010200,-7.54648368465327E1,3.98097487766822E1
H,1,1249809,102,3,10,145000,4,10003010200-616,10003010200,-7.54652283949828E1,3.98093289874288E1
H,1,53502,102,3,10,130540,4,10003010200-617,10003010200,-7.54647528316296E1,3.98092798622736E1
H,1,64569,102,3,10,120000,4,10003010200-618,10003010200,-7.54689503088311E1,3.98104057288546E1
H,1,422989,102,3,10,138000,4,10003010200-619,10003010200,-7.54681207919261E1,3.98097854246352E1
H,1,190405,102,3,10,193400,4,10003010200-620,10003010200,-7.54696341504217E1,3.9810831391814E1
H,1,1452229,102,3,10,176000,4,10003010200-621,10003010200,-7.54664329945601E1,3.98091070488544E1
H,1,929826,102,3,10,160000,4,10003010200-622,10003010200,-7.54658508253455E1,3.98091185145397E1
H,1,595442,102,3,10,146000,4,10003010200-623,10003010200,-7.54679490264867E1,3.9809924479478E1
H,1,275869,102,3,10,160000,4,10003010200-624,10003010200,-7.54682167916425E1,3.98097605746248E1
H,1,619697,102,3,10,164010,4,10003010200-625,10003010200,-7.54669435451678E1,3.98093805313305E1
H,1,926407,102,3,10,156090,4,10003010200-626,10003010200,-7.54671595357095E1,3.98097300520886E1
H,1,1322222,102,3,10,171500,4,10003010200-627,10003010200,-7.5465971641062E1,3.98093782423254E1
H,1,831451,102,3,10,140000,4,10003010200-628,10003010200,-7.5469725408703E1,3.98109267833412E1
H,1,619697,102,3,10,164010,4,10003010200-629,10003010200,-7.54682327899965E1,3.98102997042865E1
H,1,949319,102,3,10,152100,4,10003010200-630,10003010200,-7.54687216301814E1,3.98101403848585E1
H,1,1168296,102,3,10,187000,4,10003010200-631,10003010200,-7.5468626360758E1,3.98101280299465E1
H,1,1438360,102,3,10,157250,4,10003010200-632,10003010200,-7.5468087619631E1,3.9809872330102E1
H,1,88603,102,3,10,122500,4,10003010200-633,10003010200,-7.54674450955761E1,3.98094748341931E1
H,1,1205990,102,3,10,134600,4,10003010200-634,10003010200,-7.54686091307131E1,3.98102253698344E1
H,1,182624,102,3,10,128400,4,10003010200-635,10003010200,-7.54684003633461E1,3.9810310230819E1
H,1,831451,102,3,10,140000,4,10003010200-636,10003010200,-7.54690729422885E1,3.98099395956543E1
H,1,442041,102,3,10,125000,4,10003010200-637,10003010200,-7.5465725618161E1,3.9808979860465E1
H,1,249891,102,3,10,124500,4,10003010200-638,10003010200,-7.54674557853833E1,3.9809526530979E1
H,1,742676,102,3,10,149200,4,10003010200-639,10003010200,-7.54698835239611E1,3.98107687471433E1
H,1,1357293,102,3,10,112200,4,10003010200-640,10003010200,-7.54698028810658E1,3.98104073076657E1
H,1,91085,102,3,10,129100,4,10003010200-641,10003010200,-7.54699081801097E1,3.98106625736202E1
H,1,345027,102,3,10,132400,4,10003010200-642,10003010200,-7.54703614950174E1,3.98107511560916E1
H,1,241355,102,3,10,275000,4,10003010200-643,10003010200,-7.5471444600107E1,3.98107258019357E1
H,1,975127,102,3,10,482500,4,10003010200-644,10003010200,-7.54713450456247E1,3.9810471410044E1
H,1,1465360,102,3,10,530200,4,10003010200-645,10003010200,-7.5471226337014E1,3.9811688796426E1
H,1,587072,102,3,10,255000,4,10003010200-646,10003010200,-7.5471987293074E1,3.981117765247E1
H,1,227778,102,3,10,19600,5,10003010200-647,10003010200,-7.5471355552952E1,3.98108537994258E1
H,1,1190833,102,3,10,18000,5,10003010200-648,10003010200,-7.5472363769858E1,3.98113721080322E1
H,1,1295373,102,3,10,19100,5,10003010200-649,10003010200,-7.54719080778265E1,3.9810893310925E1
H,1,1211199,102,3,10,34000,5,10003010200-650,10003010200,-7.5470808403958E1,3.98104467240263E1
H,1,440713,102,3,10,25040,5,10003010200-651,10003010200,-7.54716699938257E1,3.98118180313363E1
H,1,1020303,102,3,10,28800,5,10003010200-652,10003010200,-7.5472040853474E1,3.98116602778306E1
H,1,997823,102,3,10,45000,5,10003010200-653,10003010200,-7.54723491728631E1,3.98115566017013E1
H,1,1087114,102,3,10,37700,5,10003010200-654,10003010200,-7.54724089012505E1,3.98114205394481E1
H,1,474710,102,3,10,46700,5,10003010200-655,10003010200,-7.54672182668158E1,3.9810740750303E1
H,1,1115729,102,3,10,40000,5,10003010200-656,10003010200,-7.54650138683856E1,3.9810135000767E1
H,1,474710,102,3,10,46700,5,10003010200-657,10003010200,-7.54674602744866E1,3.9810327098701E1
H,1,1149181,102,3,10,47700,5,10003010200-658,10003010200,-7.5468003289953E1,3.9810939092977E1
H,1,107375,102,3,10,39000,5,10003010200-659,10003010200,-7.546476420006E1,3.98107321866635E1
H,1,180983,102,3,10,70000,5,10003010200-660,10003010200,-7.54672857893436E1,3.98105148073247E1
H,1,409924,102,3,10,87000,5,10003010200-661,10003010200,-7.54675657542535E1,3.98106060648631E1
H,1,893254,102,3,10,50000,5,10003010200-662,10003010200,-7.54662478949814E1,3.98101319530124E1
H,1,893254,102,3,10,50000,5,10003010200-663,10003010200,-7.54663857531391E1,3.98103039032003E1
H,1,1321492,102,3,10,89400,5,10003010200-664,10003010200,-7.54659638434911E1,3.98098068247078E1
H,1,740927,102,3,10,99000,5,10003010200-665,10003010200,-7.54648048638017E1,3.9810711329597E1
H,1,304088,102,3,10,58600,5,10003010200-666,10003010200,-7.54650755448335E1,3.98100904431877E1
H,1,313857,102,3,10,66500,5,10003010200-667,10003010200,-7.54683707406876E1,3.9811082713543E1
H,1,213410,102,3,10,84000,5,10003010200-668,10003010200,-7.5468208896165E1,3.98105599810144E1
H,1,41693,102,3,10,77000,5,10003010200-669,10003010200,-7.5467416196032E1,3.98103681537447E1
H,1,101442,102,3,10,54100,5,10003010200-670,10003010200,-7.54682930150106E1,3.98111084590258E1
H,1,1321492,102,3,10,89400,5,10003010200-671,10003010200,-7.54660385449651E1,3.9810103872113E1
H,1,525353,102,3,10,96100,5,10003010200-672,10003010200,-7.54681611981563E1,3.9810656067448E1
H,1,950820,102,3,10,76150,5,10003010200-673,10003010200,-7.54651696621511E1,3.98099110661418E1
H,1,950820,102,3,10,76150,5,10003010200-674,10003010200,-7.546672422283E1,3.98099303134723E1
H,1,969712,102,3,10,52000,5,10003010200-675,10003010200,-7.54679553266124E1,3.98106161672165E1
H,1,963013,102,3,10,75900,5,10003010200-676,10003010200,-7.54665971845954E1,3.98100973862781E1
H,1,533354,102,3,10,79000,5,10003010200-677,10003010200,-7.54658716044074E1,3.98107667980087E1
H,1,139743,102,3,10,90000,5,10003010200-678,10003010200,-7.54657681384471E1,3.98109705976203E1
H,1,1037014,102,3,10,87504,5,10003010200-679,10003010200,-7.54701867533605E1,3.98111872833882E1
H,1,533354,102,3,10,79000,5,10003010200-680,10003010200,-7.54706516490895E1,3.98108659274074E1
H,1,964441,102,3,10,89250,5,10003010200-681,10003010200,-7.54708416371727E1,3.9811102479891E1
H,1,361284,102,3,10,59800,5,10003010200-682,10003010200,-7.54708669509881E1,3.98106946078582E1
H,1,1436815,102,3,10,90500,5,10003010200-683,10003010200,-7.54704050975031E1,3.98097212243396E1
H,1,354864,102,3,10,50000,5,10003010200-684,10003010200,-7.54709087410102E1,3.98091234433343E1
H,1,1029579,102,3,10,74000,5,10003010200-685,10003010200,-7.5470414080851E1,3.98093837854151E1
H,1,1265181,102,3,10,75000,5,10003010200-686,10003010200,-7.54705512274937E1,3.9810356527165E1
H,1,256756,102,3,10,66400,5,10003010200-687,10003010200,-7.54704779476057E1,3.98093127438752E1
H,1,1083978,102,3,10,96100,5,10003010200-688,10003010200,-7.54700664250294E1,3.98100394836135E1
H,1,957699,102,3,10,70000,5,10003010200-689,10003010200,-7.54700082306457E1,3.98101704372151E1
H,1,1029690,102,3,10,66000,5,10003010200-690,10003010200,-7.546994424293E1,3.98101702795096E1
H,1,256618,102,3,10,69000,5,10003010200-691,10003010200,-7.54701002018278E1,3.9810617465022E1
H,1,256618,102,3,10,69000,5,10003010200-692,10003010200,-7.5469891739091E1,3.98109231186955E1
H,1,614316,102,3,10,55800,5,10003010200-693,10003010200,-7.54688628883571E1,3.98113576681832E1
H,1,614316,102,3,10,55800,5,10003010200-694,10003010200,-7.54691834215454E1,3.98110111443594E1
H,1,374275,102,3,10,165000,5,10003010200-695,10003010200,-7.54692049370854E1,3.98109508816651E1
H,1,1353838,102,3,10,101000,5,10003010200-696,10003010200,-7.5469770327654E1,3.98112596243873E1
H,1,615012,102,3,10,147040,5,10003010200-697,10003010200,-7.54692721495443E1,3.98109889046604E1
H,1,374275,102,3,10,165000,5,10003010200-698,10003010200,-7.54638892056128E1,3.98104847682175E1
H,1,615012,102,3,10,147040,5,10003010200-699,10003010200,-7.54645896895127E1,3.98107738194421E1
H,1,1085024,102,3,10,128800,5,10003010200-700,10003010200,-7.54642755718108E1,3.9810751716441E1
H,1,552531,102,3,10,165600,5,10003010200-701,10003010200,-7.5464373826801E1,3.98109161410957E1
H,1,1077839,102,3,10,169400,5,10003010200-702,10003010200,-7.54644909454736E1,3.98105660333143E1
H,1,875254,102,3,10,101900,5,10003010200-703,10003010200,-7.54637594453991E1,3.98105196454371E1
H,1,900627,102,3,10,141080,5,10003010200-704,10003010200,-7.54654421143135E1,3.98111690592327E1
H,1,189894,102,3,10,153300,5,10003010200-705,10003010200,-7.5465161692851E1,3.9811053253918E1
H,1,189894,102,3,10,153300,5,10003010200-706,10003010200,-7.54648447171326E1,3.98111577572798E1
H,1,898923,102,3,10,171000,5,10003010200-707,10003010200,-7.54652308570311E1,3.98108826978323E1
H,1,1001249,102,3,10,168000,5,10003010200-708,10003010200,-7.5465090129233E1,3.98108470929E1
H,1,1017907,102,3,10,110800,5,10003010200-709,10003010200,-7.54670024038661E1,3.98122455991682E1
H,1,434097,102,3,10,176000,5,10003010200-710,10003010200,-7.54663870763185E1,3.9811818091355E1
H,1,113123,102,3,10,145600,5,10003010200-711,10003010200,-7.54665194418154E1,3.98120279426668E1
H,1,807072,102,3,10,378000,5,10003010200-712,10003010200,-7.54640784582335E1,3.98111072526435E1
H,1,404661,102,3,10,278750,5,10003010200-713,10003010200,-7.5464012965126E1,3.98109551416054E1
H,1,910677,102,3,10,225000,5,10003010200-714,10003010200,-7.54648576300021E1,3.98111969456581E1
H,1,42172,102,3,10,53001,6,10003010200-715,10003010200,-7.54638106182624E1,3.9811369880124E1
H,1,42172,102,3,10,53001,6,10003010200-716,10003010200,-7.54669954435302E1,3.98123298789674E1
H,1,469434,102,3,10,89500,6,10003010200-717,10003010200,-7.54642684149125E1,3.98115575230967E1
H,1,965519,102,3,10,78130,6,10003010200-718,10003010200,-7.54663989712826E1,3.98123527392798E1
H,1,55393,102,3,10,60000,6,10003010200-719,10003010200,-7.54634644523902E1,3.98112579089143E1
H,1,790169,102,3,10,123000,6,10003010200-720,10003010200,-7.54652638904806E1,3.98117186084095E1
H,1,1408377,102,3,10,143400,6,10003010200-721,10003010200,-7.54655051758546E1,3.98114154048976E1
H,1,288528,102,3,10,115350,6,10003010200-722,10003010200,-7.54632973962036E1,3.98114182740465E1
H,1,678532,102,3,10,103300,6,10003010200-723,10003010200,-7.5465484589622E1,3.98119307316972E1
H,1,1196848,102,3,10,18000,7,10003010200-724,10003010200,-7.54633616263203E1,3.98110546830725E1
H,1,175399,102,3,10,44900,10,10003010200-725,10003010200,-7.54639724301577E1,3.98110542493756E1
H,1,175399,102,3,10,44900,10,10003010200-726,10003010200,-7.54664094321222E1,3.98120037148036E1
H,1,268722,102,3,10,70008,7,10003010200-727,10003010200,-7.54598731631044E1,3.98103610360628E1
H,1,675278,102,3,10,82100,10,10003010200-728,10003010200,-7.54603942453678E1,3.9811011912596E1
H,1,675278,102,3,10,82100,10,10003010200-729,10003010200,-7.54610539901017E1,3.98110887106673E1
H,1,907074,102,3,10,81800,7,10003010200-730,10003010200,-7.54608643752092E1,3.98108713590316E1
H,1,710254,102,3,10,62560,7,10003010200-731,10003010200,-7.54613254419133E1,3.98112345018073E1
H,1,1474598,102,3,10,96200,7,10003010200-732,10003010200,-7.54607535843862E1,3.98109538963662E1
H,1,814448,102,3,10,66200,7,10003010200-733,10003010200,-7.54617419330896E1,3.98109065757801E1
H,1,766131,102,3,10,56800,10,10003010200-734,10003010200,-7.54614926177946E1,3.981130130755E1
H,1,701032,102,3,10,97200,7,10003010200-735,10003010200,-7.54607373997826E1,3.98109911374415E1
H,1,555788,102,3,10,59700,8,10003010200-736,10003010200,-7.54622240207275E1,3.98119486186525E1
H,1,450520,102,3,10,177000,7,10003010200-737,10003010200,-7.5462283436382E1,3.9811435129564E1
H,1,318323,102,3,10,142800,8,10003010200-738,10003010200,-7.54626488025663E1,3.98117316713313E1
H,1,830401,102,3,10,160000,7,10003010200-739,10003010200,-7.54623103549507E1,3.98113702842796E1
H,1,1188086,102,3,10,179000,9,10003010200-740,10003010200,-7.54630510787402E1,3.98117818980251E1
